major_cn	minor_cn	mutation_id	normal_cn	ref_counts	var_counts
1	1	NBPF1|Intron:chr1:16576255:T:C:rs76577521	2	22	4
1	1	NBPF1|Intron:chr1:16580709:G:A:rs370528212	2	41	8
1	1	CROCCP2|RNA:chr1:16624394:G:A:rs12045375	2	31	7
1	1	RAP1GAP|Silent:chr1:21608912:G:A:novel	2	58	4
1	1	COL16A1|Intron:chr1:31670709:G:A:novel	2	57	4
1	1	EPS15|Intron:chr1:51405860:G:A:novel	2	45	4
1	1	PRKAA2|Missense_Mutation:chr1:56704363:C:T:rs1322462262	2	50	4
1	1	DPYD|Missense_Mutation:chr1:97721523:T:A:novel	2	34	19
1	1	ELAPOR1|Intron:chr1:109197692:T:A:rs111269564	2	32	5
1	1	CHIA|5'UTR:chr1:111290895:G:A:rs12026825	2	15	13
1	1	H3-2|3'UTR:chr1:143904542:T:C:rs879974211	2	53	19
1	1	NBPF10|Silent:chr1:146134204:T:C:rs10910794	2	23	5
1	1	INSRR|Intron:chr1:156851809:T:C:novel	2	240	16
1	1	SEC16B|Missense_Mutation:chr1:177961627:A:C:novel	2	37	6
1	1	SEC16B|Missense_Mutation:chr1:177961630:A:C:novel	2	36	5
1	1	TMCC2|Silent:chr1:205268985:C:T:rs201946978	2	98	7
1	1	IL20|Intron:chr1:206866254:G:A:novel	2	53	4
1	1	CAMK1G|Intron:chr1:209594872:A:G:novel	2	13	7
1	1	GPATCH2|5'UTR:chr1:217631063:A:T:novel	2	76	38
1	1	RBM34|5'Flank:chr1:235161381:C:T:rs760339531	2	14	12
1	1	GREM2|Intron:chr1:240493552:T:A:rs75027152	2	40	4
1	1	RSAD2|Nonsense_Mutation:chr2:6887160:G:A:nan	2	57	4
1	1	IGKJ5|Missense_Mutation:chr2:88860575:C:G:rs142632901	2	33	9
1	1	IGKC|5'Flank:chr2:88860757:A:G:rs796646911	2	27	26
1	1	IGKC|5'Flank:chr2:88860776:T:C:rs72847522	2	26	21
1	1	IGKC|5'Flank:chr2:88860816:A:C:rs150541135	2	19	16
1	1	IGKC|5'Flank:chr2:88860821:C:T:rs188272063	2	20	16
1	1	IGKC|5'Flank:chr2:88860852:C:T:rs775033215	2	17	19
1	1	IGKC|5'Flank:chr2:88861014:G:A:rs529462414	2	8	12
1	1	IGKC|5'Flank:chr2:88861015:C:G:rs796580613	2	15	5
1	1	IGKC|5'Flank:chr2:88861016:T:C:rs1216016877	2	15	5
1	1	IGKC|5'Flank:chr2:88861279:T:C:rs139114112	2	10	11
1	1	IGKC|5'Flank:chr2:88861334:G:A:rs114271391	2	10	11
1	1	IGKC|5'Flank:chr2:88861373:T:A:novel	2	12	9
1	1	IGKV4-1|Missense_Mutation:chr2:88885941:T:C:rs141709704	2	9	24
1	1	IGKV4-1|Missense_Mutation:chr2:88885942:A:G:rs375619633	2	9	25
1	1	IGKV4-1|Missense_Mutation:chr2:88885968:G:A:rs148599313	2	9	28
1	1	IGKV4-1|Missense_Mutation:chr2:88886107:C:G:rs771795595	2	6	14
1	1	IGKV1-27|Silent:chr2:89213543:T:C:rs556198540	2	17	11
1	1	IGKV1-27|Missense_Mutation:chr2:89213573:C:G:rs754270195	2	19	12
1	1	IGKV1-27|Missense_Mutation:chr2:89213613:T:A:rs758066250	2	15	19
1	1	IGKV1-27|Missense_Mutation:chr2:89213619:C:T:rs745652296	2	14	18
1	1	IGKV1-27|Silent:chr2:89213651:G:C:novel	2	15	17
1	1	IGKV1-27|Silent:chr2:89213681:G:A:rs753683222	2	15	17
1	1	FAHD2CP|Intron:chr2:96013706:C:A:novel	2	59	4
1	1	TTN|Missense_Mutation:chr2:178558595:G:A:novel	2	58	9
1	1	TNP1|3'UTR:chr2:216859658:G:A:rs370918270	2	72	4
1	1	AC093642.3|RNA:chr2:242003384:A:T:rs867919603	2	26	5
1	1	MYD88|Missense_Mutation:chr3:38141150:T:C:rs387907272	2	49	37
1	1	NME6|Intron:chr3:48300251:G:A:novel	2	41	4
1	1	IQCF3|Intron:chr3:51829730:G:T:novel	2	127	7
1	1	LINC00488|RNA:chr3:109178465:G:T:novel	2	42	54
1	1	SIDT1|Intron:chr3:113626044:C:A:novel	2	37	4
1	1	ACAD9|Intron:chr3:128908128:A:C:novel	2	84	10
1	1	ADRA2C|Silent:chr4:3767212:C:T:nan	2	81	16
1	1	EPHA5|Intron:chr4:65376938:C:T:novel	2	45	4
1	1	SEC24B|Intron:chr4:109538444:C:A:novel	2	51	4
1	1	NDNF|Missense_Mutation:chr4:121037175:G:A:rs201775943	2	60	39
1	1	FBXL7|Missense_Mutation:chr5:15936714:G:A:rs774426899	2	142	48
1	1	EGFLAM|Intron:chr5:38458255:G:A:novel	2	65	4
1	1	DAB2|Missense_Mutation:chr5:39376931:G:T:nan	2	64	52
1	1	CTBP2P4|RNA:chr5:98576538:G:A:rs1376457582	2	38	5
1	1	MYOZ3|Intron:chr5:150672544:C:G:rs774851784	2	72	12
1	1	MSX2|Missense_Mutation:chr5:174724724:C:T:novel	2	43	4
1	1	CUL7|Intron:chr6:43046845:C:T:novel	2	72	4
1	1	PLEKHG1|Missense_Mutation:chr6:150839854:C:T:novel	2	45	4
1	1	SYNJ2|Intron:chr6:158033387:C:T:rs919915009	2	132	10
1	1	HNRNPH1P1|3'Flank:chr6:159711581:C:T:rs374303001	2	18	5
1	1	RADIL|Missense_Mutation:chr7:4878048:G:A:rs772766287	2	40	30
1	1	DGKB|Missense_Mutation:chr7:14672963:A:C:novel	2	44	4
1	1	TNS3|Intron:chr7:47405421:G:A:rs1013117937	2	64	4
1	1	STEAP4|Intron:chr7:88283790:G:C:novel	2	55	5
1	1	PILRA|Splice_Region:chr7:100399778:C:T:rs560464494	2	14	12
1	1	PRSS3P1|5'Flank:chr7:142759737:A:C:rs1483256644	2	17	5
1	1	OR2A5|Silent:chr7:144050419:A:G:rs774563954	2	54	4
1	1	PRKAG2|Intron:chr7:151675748:G:A:rs1308171106	2	47	10
1	1	DCTN6|Missense_Mutation:chr8:30175087:C:G:novel	2	18	17
1	1	RP1|Missense_Mutation:chr8:54621544:G:A:rs754949406	2	167	9
1	1	SQLE|Missense_Mutation:chr8:125021805:T:C:novel	2	7	17
1	1	SQLE|Silent:chr8:125021810:C:T:rs2293985	2	7	17
1	1	BNC2|Intron:chr9:16704758:G:C:rs1246736321	2	15	9
1	1	NUTM2F|Silent:chr9:94318906:G:A:rs567682842	2	76	4
1	1	ZNF618|Intron:chr9:114016826:G:T:novel	2	34	28
1	1	AKNA|Missense_Mutation:chr9:114347854:G:A:rs561485696	2	70	4
1	1	DNM1|Intron:chr9:128239823:G:A:rs376464388	2	39	4
1	1	SPTAN1|Intron:chr9:128578044:A:G:novel	2	47	4
1	1	COL5A1|Intron:chr9:134818985:T:C:novel	2	72	8
1	1	ABCA2|Intron:chr9:137020291:C:T:rs768159381	2	132	8
1	1	CALHM3|Silent:chr10:103478949:C:T:rs1270414751	2	257	16
1	1	OSBPL5|Splice_Region:chr11:3129007:A:C:novel	2	22	6
1	1	MICAL2|Intron:chr11:12163886:A:T:novel	2	54	4
1	1	HPS5|Missense_Mutation:chr11:18309030:T:C:rs753377675	2	28	14
1	1	HTATIP2|Intron:chr11:20382961:T:C:rs749633864	2	15	5
1	1	INTS5|Missense_Mutation:chr11:62649355:A:C:novel	2	83	12
1	1	HNRNPUL2|Intron:chr11:62721445:G:A:rs1214061270	2	26	4
1	1	PLAAT2|Intron:chr11:63562810:G:A:novel	2	59	4
1	1	GUCY2EP|Intron:chr11:76708341:C:T:rs1208938653	2	66	25
1	1	FAT3|Missense_Mutation:chr11:92354081:G:T:novel	2	29	5
1	1	CNTN5|Missense_Mutation:chr11:99956889:A:C:novel	2	62	31
1	1	BIRC3|Silent:chr11:102324905:A:C:nan	2	15	14
1	1	DDX11L8|RNA:chr12:13189:G:C:rs368124314	2	23	5
1	1	CAPRIN2|Intron:chr12:30719225:C:T:nan	2	116	14
1	1	AQP2|Missense_Mutation:chr12:49950873:G:A:rs762574510	2	64	8
1	1	B4GALNT1|Intron:chr12:57630047:C:T:novel	2	48	4
1	1	OAS3|Intron:chr12:112962595:C:T:novel	2	42	4
1	1	AL445238.1|Missense_Mutation:chr13:63832869:C:T:rs199801436	2	13	7
1	1	METTL3|Missense_Mutation:chr14:21503462:A:C:novel	2	97	53
1	1	GPHN|Intron:chr14:66916126:A:T:novel	2	44	11
1	1	RAD51B|Intron:chr14:68477626:C:T:rs535064882	2	47	4
1	1	IGHM|Intron:chr14:105852002:G:A:novel	2	45	34
1	1	IGHJ6|3'Flank:chr14:105863192:T:C:rs144459274	2	37	25
1	1	IGHJ6|5'Flank:chr14:105863337:G:T:novel	2	31	13
1	1	IGHJ6|5'Flank:chr14:105863386:C:A:rs782483969	2	11	16
1	1	IGHJ6|5'Flank:chr14:105863402:C:A:novel	2	18	6
1	1	IGHJ6|5'Flank:chr14:105863735:C:G:rs994541752	2	12	10
1	1	IGHJ6|5'Flank:chr14:105863737:T:C:rs894125272	2	11	10
1	1	IGHJ6|5'Flank:chr14:105863761:T:A:rs1037594594	2	11	10
1	1	IGHJ6|5'Flank:chr14:105863798:G:A:rs368179623	2	17	15
1	1	IGHJ6|5'Flank:chr14:105864071:G:A:rs568955963	2	12	8
1	1	IGHJ6|5'Flank:chr14:105864175:C:G:rs375761271	2	13	12
1	1	IGHV3-74|Missense_Mutation:chr14:106810474:C:T:novel	2	52	15
1	1	IGHV3-74|Silent:chr14:106810478:C:T:rs1404066546	2	53	16
1	1	IGHV3-74|Silent:chr14:106810502:C:T:rs575208489	2	69	28
1	1	IGHV3-74|Missense_Mutation:chr14:106810526:G:C:novel	2	80	35
1	1	IGHV3-74|Silent:chr14:106810640:G:A:rs747761983	2	61	25
1	1	IGHV3-74|Silent:chr14:106810643:G:A:rs373966551	2	56	23
1	1	IGHV3-74|Missense_Mutation:chr14:106810668:G:T:rs541262845	2	42	20
1	1	IGHV3-74|Missense_Mutation:chr14:106810669:C:G:novel	2	40	19
1	1	IGHV3-74|Missense_Mutation:chr14:106810732:C:G:novel	2	27	13
1	1	IGHV3-74|Missense_Mutation:chr14:106810733:C:G:rs762892354	2	26	13
1	1	IGHV3-74|Splice_Region:chr14:106810754:C:T:rs573323832	2	25	15
1	1	IGHV3-74|Intron:chr14:106810776:A:C:novel	2	21	16
1	1	IGHV3OR15-7|Silent:chr15:19987955:C:T:rs1428360631	2	17	5
1	1	AC131280.1|3'Flank:chr15:20669534:T:C:rs62000628	2	17	4
1	1	BMS1P16|5'Flank:chr15:21160269:A:G:rs28366989	2	23	6
1	1	NUTM1|3'UTR:chr15:34357643:G:A:novel	2	87	8
1	1	TYRO3|Intron:chr15:41571551:G:C:novel	2	51	64
1	1	GANC|Missense_Mutation:chr15:42278522:G:A:novel	2	39	4
1	1	GNB5|Splice_Site:chr15:52135757:C:G:novel	2	16	12
1	1	HAPLN3|Intron:chr15:88878273:G:A:rs199619911	2	33	15
1	1	DNM1P47|RNA:chr15:101752505:T:C:rs200632191	2	15	5
1	1	DNM1P47|RNA:chr15:101752520:A:C:rs752893197	2	13	7
1	1	DNM1P47|RNA:chr15:101752523:G:A:rs746421537	2	13	7
1	1	ZP2|Silent:chr16:21205537:T:C:rs1361021172	2	52	4
1	1	PKD1L3|Intron:chr16:71954061:A:C:rs9888745	2	20	8
1	1	RABEP1|Missense_Mutation:chr17:5381407:A:G:novel	2	48	13
1	1	SPECC1|Splice_Region:chr17:20297084:C:A:novel	2	63	4
1	1	AP2B1|Nonsense_Mutation:chr17:35641880:C:T:novel	2	38	4
1	1	CACNB1|Intron:chr17:39186779:C:T:novel	2	51	4
1	1	KRTAP4-7|Missense_Mutation:chr17:41084543:A:T:rs9894966	2	21	4
1	1	G6PC|Silent:chr17:42911201:C:T:rs975103942	2	56	20
1	1	FMNL1|Intron:chr17:45232942:G:C:novel	2	39	4
1	1	TANC2|Missense_Mutation:chr17:63421714:A:C:novel	2	91	10
1	1	ACTG1|Silent:chr17:81512334:C:T:rs1555667278	2	111	35
1	1	ASPSCR1|Intron:chr17:81996335:C:G:rs578237926	2	24	7
1	1	COLEC12|Missense_Mutation:chr18:346731:C:T:novel	2	66	4
1	1	DSG1|Missense_Mutation:chr18:31333595:G:A:rs535358304	2	62	14
1	1	EPG5|Intron:chr18:45922300:G:A:rs1052762382	2	48	4
1	1	ZADH2|Missense_Mutation:chr18:75209028:C:T:novel	2	75	4
1	1	SF3A2|Intron:chr19:2247088:T:C:rs10425375	2	28	4
1	1	SF3A2|Intron:chr19:2247110:G:A:rs10417668	2	18	4
1	1	DAPK3|Intron:chr19:3969510:G:A:novel	2	20	4
1	1	DUS3L|5'Flank:chr19:5791272:A:G:novel	2	43	5
1	1	ZNF568|Missense_Mutation:chr19:36936767:G:A:novel	2	43	4
1	1	DMAC2|Intron:chr19:41433054:C:A:novel	2	14	8
1	1	L34079.1|Intron:chr19:43577339:G:T:rs3213235	2	82	5
1	1	CGB5|5'UTR:chr19:49044121:C:T:rs1058657	2	32	5
1	1	CGB5|5'UTR:chr19:49044189:G:C:rs12610392	2	25	7
1	1	KIR2DL3|Intron:chr19:54739187:A:T:rs677509	2	15	5
1	1	SMOX|Missense_Mutation:chr20:4182264:G:A:rs776490148	2	154	10
1	1	CST2|Intron:chr20:23825134:T:A:novel	2	19	5
1	1	NINL|Splice_Region:chr20:25462545:G:A:novel	2	28	23
1	1	FAM182B|RNA:chr20:25775304:G:T:rs79936808	2	34	6
1	1	RNA5SP532|3'Flank:chr20:29874932:C:T:rs1212288994	2	19	4
1	1	FRG1BP|5'Flank:chr20:30376013:C:T:rs1208036416	2	51	11
1	1	HM13|Splice_Region:chr20:31561741:G:A:novel	2	65	4
1	1	ADNP|Nonsense_Mutation:chr20:50893051:G:A:nan	2	50	4
1	1	RIPK4|Intron:chr21:41746272:C:T:rs920312656	2	38	7
1	1	TRPM2|Missense_Mutation:chr21:44413983:G:A:nan	2	48	4
1	1	Unknown|IGR:chr22:10700081:G:A:rs1472122644	2	16	7
1	1	KLHL22|Intron:chr22:20489734:C:A:novel	2	43	4
1	1	AIFM3|Missense_Mutation:chr22:20975773:G:T:novel	2	204	52
1	1	IGLL5|5'UTR:chr22:22888019:A:G:rs149302248	2	26	12
1	1	IGLL5|Silent:chr22:22888099:C:T:rs564743210	2	23	15
1	1	DRICH1|Intron:chr22:23619556:G:T:novel	2	14	7
1	1	WWC3|Missense_Mutation:chrX:10117543:C:A:novel	2	26	11
1	1	SLC38A5|3'UTR:chrX:48458880:G:A:novel	2	54	4
1	1	CACNA1F|Missense_Mutation:chrX:49218465:T:G:novel	2	32	12
1	1	GSPT2|Missense_Mutation:chrX:51745065:C:T:novel	2	24	13
1	1	AMER1|3'UTR:chrX:64186148:C:T:rs1371539052	2	13	14
1	1	CENPI|3'UTR:chrX:101162982:A:G:novel	2	30	17
1	1	TEX13C|Missense_Mutation:chrX:125321899:A:C:novel	2	83	7
1	1	SLC25A14|Intron:chrX:130350777:A:G:novel	2	66	4
1	1	MAGEC3|Intron:chrX:141881079:G:A:novel	2	31	9
1	1	SLITRK4|Missense_Mutation:chrX:143629406:T:A:novel	2	66	22
